use discord;

INSERT INTO user(usr_id,usr_email, usr_firstname, usr_lastname, usr_password)
    value(1,"pierre.martin@message.fr","Pierres","Nath","$2a$10$PNdDRl/YjYp8ayQHlVvBseWWdxWUmweQ99//vNmlRCMkynwpyk.8y"),
    (2,"julien.cans@message.fr","Julien","Cansell","$2a$10$PNdDRl/YjYp8ayQHlVvBseWWdxWUmweQ99//vNmlRCMkynwpyk.8y"),
    (3,"lacus@yahoo.org","Angela","Celeste","$2a$10$PNdDRl/YjYp8ayQHlVvBseWWdxWUmweQ99//vNmlRCMkynwpyk.8y"),
    (4,"mauris.non@aol.couk","Risa","Wanda","$2a$10$PNdDRl/YjYp8ayQHlVvBseWWdxWUmweQ99//vNmlRCMkynwpyk.8y"),
    (5,"bibendum.sed.est@yahoo.couk","Melissa","Gillian","$2a$10$PNdDRl/YjYp8ayQHlVvBseWWdxWUmweQ99//vNmlRCMkynwpyk.8y"),
    (6,"magnis.dis.parturient@protonmail.edu","Zena","Desirae","$2a$10$PNdDRl/YjYp8ayQHlVvBseWWdxWUmweQ99//vNmlRCMkynwpyk.8y"),
    (7,"augue.scelerisque@yahoo.couk","Jerome","Robin","$2a$10$PNdDRl/YjYp8ayQHlVvBseWWdxWUmweQ99//vNmlRCMkynwpyk.8y"),
    (8,"diam.nunc@icloud.ca","Carter","Hyacinth","$2a$10$PNdDRl/YjYp8ayQHlVvBseWWdxWUmweQ99//vNmlRCMkynwpyk.8y"),
    (9,"sociis.natoque.penatibus@yahoo.org","Kennedy","Dexter","$2a$10$PNdDRl/YjYp8ayQHlVvBseWWdxWUmweQ99//vNmlRCMkynwpyk.8y"),
    (10,"montes@icloud.net","Savannah","Raya","$2a$10$PNdDRl/YjYp8ayQHlVvBseWWdxWUmweQ99//vNmlRCMkynwpyk.8y"),
    (11,"tempor.bibendum@protonmail.couk","Daryl","Daphne","$2a$10$PNdDRl/YjYp8ayQHlVvBseWWdxWUmweQ99//vNmlRCMkynwpyk.8y"),
    (12,"mauris@aol.org","Ignatius","Zenaida","$2a$10$PNdDRl/YjYp8ayQHlVvBseWWdxWUmweQ99//vNmlRCMkynwpyk.8y"),
    (13,"urna.suscipit@aol.couk","Bert","Jolie","$2a$10$PNdDRl/YjYp8ayQHlVvBseWWdxWUmweQ99//vNmlRCMkynwpyk.8y"),
    (14,"eget@protonmail.com","Jamalia","Robin","$2a$10$PNdDRl/YjYp8ayQHlVvBseWWdxWUmweQ99//vNmlRCMkynwpyk.8y"),
    (15,"pede.cum@google.ca","Charde","Carlos","$2a$10$PNdDRl/YjYp8ayQHlVvBseWWdxWUmweQ99//vNmlRCMkynwpyk.8y"),
    (16,"blandit.viverra@icloud.ca","Trevor","Stuart","$2a$10$PNdDRl/YjYp8ayQHlVvBseWWdxWUmweQ99//vNmlRCMkynwpyk.8y"),
    (17,"mauris@hotmail.net","Ariana","Noah","$2a$10$PNdDRl/YjYp8ayQHlVvBseWWdxWUmweQ99//vNmlRCMkynwpyk.8y"),
    (18,"non@aol.org","Maya","Rana","$2a$10$PNdDRl/YjYp8ayQHlVvBseWWdxWUmweQ99//vNmlRCMkynwpyk.8y"),
    (19,"nulla.dignissim@hotmail.com","Yoko","Kirsten","$2a$10$PNdDRl/YjYp8ayQHlVvBseWWdxWUmweQ99//vNmlRCMkynwpyk.8y"),
    (20,"porttitor.vulputate@google.net","Matthew","Myles","$2a$10$PNdDRl/YjYp8ayQHlVvBseWWdxWUmweQ99//vNmlRCMkynwpyk.8y"),
    (21,"nunc.ullamcorper@yahoo.com","Nigel","Naida","$2a$10$PNdDRl/YjYp8ayQHlVvBseWWdxWUmweQ99//vNmlRCMkynwpyk.8y"),
    (22,"ac@outlook.org","Francesca","Bernard","$2a$10$PNdDRl/YjYp8ayQHlVvBseWWdxWUmweQ99//vNmlRCMkynwpyk.8y"),
     (23,"neque.nullam@aol.couk","Brady","Walker","$2a$10$PNdDRl/YjYp8ayQHlVvBseWWdxWUmweQ99//vNmlRCMkynwpyk.8y"),
  (24,"egestas@yahoo.org","Quamar","Tyrone","$2a$10$PNdDRl/YjYp8ayQHlVvBseWWdxWUmweQ99//vNmlRCMkynwpyk.8y"),
  (25,"faucibus.id@yahoo.ca","Derek","Aidan","$2a$10$PNdDRl/YjYp8ayQHlVvBseWWdxWUmweQ99//vNmlRCMkynwpyk.8y"),
  (26,"massa.rutrum@aol.edu","Reuben","Gil","$2a$10$PNdDRl/YjYp8ayQHlVvBseWWdxWUmweQ99//vNmlRCMkynwpyk.8y"),
  (27,"velit.dui@hotmail.net","Eric","Cedric","$2a$10$PNdDRl/YjYp8ayQHlVvBseWWdxWUmweQ99//vNmlRCMkynwpyk.8y"),
  (28,"integer@hotmail.org","Leroy","Lucian","$2a$10$PNdDRl/YjYp8ayQHlVvBseWWdxWUmweQ99//vNmlRCMkynwpyk.8y"),
  (29,"eu@aol.ca","Cadman","Abdul","$2a$10$PNdDRl/YjYp8ayQHlVvBseWWdxWUmweQ99//vNmlRCMkynwpyk.8y"),
  (30,"vulputate.velit@google.edu","Zeph","Arthur","$2a$10$PNdDRl/YjYp8ayQHlVvBseWWdxWUmweQ99//vNmlRCMkynwpyk.8y"),
  (31,"libero.et.tristique@yahoo.com","Herman","Jeremy","$2a$10$PNdDRl/YjYp8ayQHlVvBseWWdxWUmweQ99//vNmlRCMkynwpyk.8y"),
  (32,"semper.erat.in@outlook.org","Prescott","Barry","$2a$10$PNdDRl/YjYp8ayQHlVvBseWWdxWUmweQ99//vNmlRCMkynwpyk.8y"),
 (33,"donec.sollicitudin@yahoo.ca","Lawrence","Brandon","$2a$10$PNdDRl/YjYp8ayQHlVvBseWWdxWUmweQ99//vNmlRCMkynwpyk.8y"),
  (34,"aliquam.enim.nec@icloud.net","Ralph","Otto","$2a$10$PNdDRl/YjYp8ayQHlVvBseWWdxWUmweQ99//vNmlRCMkynwpyk.8y"),
  (35,"purus@yahoo.ca","Reed","Kasper","$2a$10$PNdDRl/YjYp8ayQHlVvBseWWdxWUmweQ99//vNmlRCMkynwpyk.8y"),
  (36,"sollicitudin.commodo@outlook.edu","Matthew","Eagan","$2a$10$PNdDRl/YjYp8ayQHlVvBseWWdxWUmweQ99//vNmlRCMkynwpyk.8y"),
  (37,"sollicitudin.commodo.ipsum@hotmail.com","Elvis","Barrett","$2a$10$PNdDRl/YjYp8ayQHlVvBseWWdxWUmweQ99//vNmlRCMkynwpyk.8y"),
  (38,"rutrum.urna.nec@icloud.com","Keefe","Darius","$2a$10$PNdDRl/YjYp8ayQHlVvBseWWdxWUmweQ99//vNmlRCMkynwpyk.8y"),
  (39,"cursus.integer.mollis@protonmail.edu","Kieran","Aidan","$2a$10$PNdDRl/YjYp8ayQHlVvBseWWdxWUmweQ99//vNmlRCMkynwpyk.8y"),
  (40,"eget@yahoo.couk","Vaughan","Phelan","$2a$10$PNdDRl/YjYp8ayQHlVvBseWWdxWUmweQ99//vNmlRCMkynwpyk.8y"),
  (41,"amet.dapibus@protonmail.ca","Quentin","Upton","$2a$10$PNdDRl/YjYp8ayQHlVvBseWWdxWUmweQ99//vNmlRCMkynwpyk.8y"),
  (42,"auctor.odio@outlook.com","Arden","Micah","$2a$10$PNdDRl/YjYp8ayQHlVvBseWWdxWUmweQ99//vNmlRCMkynwpyk.8y"),
     (43,"vulputate.eu.odio@aol.org","Phillip","Nathaniel","$2a$10$PNdDRl/YjYp8ayQHlVvBseWWdxWUmweQ99//vNmlRCMkynwpyk.8y"),
  (44,"malesuada.ut@google.couk","Adam","Murphy","$2a$10$PNdDRl/YjYp8ayQHlVvBseWWdxWUmweQ99//vNmlRCMkynwpyk.8y"),
  (45,"placerat.cras@google.couk","Ryder","Tate","$2a$10$PNdDRl/YjYp8ayQHlVvBseWWdxWUmweQ99//vNmlRCMkynwpyk.8y"),
  (46,"commodo@protonmail.edu","Cole","Brandon","$2a$10$PNdDRl/YjYp8ayQHlVvBseWWdxWUmweQ99//vNmlRCMkynwpyk.8y"),
  (47,"convallis.convallis@google.org","Ira","Gabriel","$2a$10$PNdDRl/YjYp8ayQHlVvBseWWdxWUmweQ99//vNmlRCMkynwpyk.8y"),
  (48,"mattis.ornare@icloud.ca","Alvin","Lane","$2a$10$PNdDRl/YjYp8ayQHlVvBseWWdxWUmweQ99//vNmlRCMkynwpyk.8y"),
  (49,"laoreet.lectus@hotmail.edu","Jameson","Garrison","$2a$10$PNdDRl/YjYp8ayQHlVvBseWWdxWUmweQ99//vNmlRCMkynwpyk.8y"),
  (50,"lacus.quisque.purus@protonmail.com","Blake","Lev","$2a$10$PNdDRl/YjYp8ayQHlVvBseWWdxWUmweQ99//vNmlRCMkynwpyk.8y"),
  (51,"aenean@protonmail.net","Gregory","Lars","$2a$10$PNdDRl/YjYp8ayQHlVvBseWWdxWUmweQ99//vNmlRCMkynwpyk.8y"),
  (52,"risus@yahoo.ca","Thor","Bruno","$2a$10$PNdDRl/YjYp8ayQHlVvBseWWdxWUmweQ99//vNmlRCMkynwpyk.8y"),
    (53,"erat.volutpat.nulla@yahoo.edu","Jasper","Eric","$2a$10$PNdDRl/YjYp8ayQHlVvBseWWdxWUmweQ99//vNmlRCMkynwpyk.8y"),
  (54,"nisi.nibh@aol.net","Beau","Bernard","$2a$10$PNdDRl/YjYp8ayQHlVvBseWWdxWUmweQ99//vNmlRCMkynwpyk.8y");
INSERT INTO role(rol_id, rol_name)
    VALUE(1,0),(2,1);

INSERT INTO has_role(usr_id, rol_id)
    VALUE (1,1),(1,2),(2,1),
    (3,1),(4,1),(5,1),
    (6,1),(7,1),(8,1),
    (9,1),(10,1),(11,1),
    (12,1),(13,1),(14,1),
    (15,1),(16,1),(17,1),
    (18,1),(19,1),(20,1),
    (21,1),(22,1),(23,1),
    (24,1),(25,1),(26,1),
    (27,1),(28,1),(29,1),
    (30,1),(31,1),(32,1),
    (33,1),(34,1),(35,1),
    (36,1),(37,1),(38,1),
    (39,1),(40,1),(41,1),
    (43,1),(42,1),
    (44,1),(45,1),(46,1),
    (47,1),(48,1),(49,1),
    (50,1),(51,1),(52,1),
    (53,1),(54,1);


INSERT INTO channel(cha_id, cha_name, cha_visibility)
    VALUE (1,"DEVLOG Java",1),(2,"DEVLOG C#",0);

INSERT INTO user_group(gro_id, gro_name)
    VALUE (1,"Groupe numero 1"),
    (2,"Groupe numero 2"),
    (3,"Groupe numero 3");

INSERT INTO is_member_of(gro_id, usr_id)
    VALUE (1,1), (2,2),(3,1),(3,2),
            (1,3), (2,4),
            (1,5), (2,6),
            (1,7), (2,8),
            (1,9), (2,10),
            (1,11), (2,12),
            (1,13), (2,14),
            (1,15), (2,16),
            (1,17), (2,18),
            (1,19), (2,20),
            (1,21), (2,22),
            (1,23), (2,24),
            (1,25), (2,26),
            (1,27), (2,28),
            (1,29), (2,30),
            (1,31), (2,32),
            (1,33), (2,34),
            (1,35), (2,36),
            (1,37), (2,38),
            (1,39), (2,40),
            (1,41), (2,42),
            (1,43), (2,44),
            (1,45), (2,46),
            (1,47), (2,48),
            (1,49), (2,50),
            (1,51), (2,52),
            (1,53), (2,54);





INSERT INTO file (fil_id, fil_name, fil_path)
    VALUE(1,"File de test","Path de test");

INSERT INTO subject(sub_id, sub_sent_at)
    VALUE(1,'2023-05-23 11:51:15.000000');

INSERT INTO message (msg_content, sub_id, msg_file, msg_sender)
    VALUE("Message de test",1,1,1);

INSERT INTO is_allowed_in(cha_id,usr_id)
    VALUE(1,1),(1,2),(1,3),(1,4),(1,5),(1,6),(1,7),(1,8),(1,9),(1,10),(1,11),(1,12),(1,13),(1,14),(1,15),(1,16),(1,17),(1,18),(1,19),(1,20),(1,21),(1,22),(1,23),(1,24),(1,25),(1,26),(1,27),(1,28),(1,29),(1,30),(1,31),(1,32),(1,33),(1,34),(1,35),(1,36),(1,37),(1,38),(1,39),(1,40),(1,41),(1,42),(1,43),(1,44),(1,45),(1,46),(1,47),(1,48),(1,49),(1,50),(1,51),(1,52),(1,53),(1,54),(2,1),(2,2),(2,3),(2,4),(2,5),(2,6),(2,7),(2,8),(2,9),(2,10),(2,11),(2,12),(2,13),(2,14),(2,15),(2,16),(2,17),(2,18),(2,19),(2,20),(2,21),(2,22),(2,23),(2,24),(2,25),(2,26),(2,27),(2,28),(2,29),(2,30),(2,31),(2,32),(2,33),(2,34),(2,35),(2,36),(2,37),(2,38),(2,39),(2,40),(2,41),(2,42),(2,43),(2,44),(2,45),(2,46),(2,47),(2,48),(2,49),(2,50),(2,51),(2,52),(2,53),(2,54);